<?xml version="1.0" encoding="UTF-8"?>
<!DOCTYPE mapper PUBLIC "-//mybatis.org//DTD Mapper 3.0//EN" "http://mybatis.org/dtd/mybatis-3-mapper.dtd">
<mapper namespace="com.example.menbosa.mapper.protector.communicate.FileMapper">
    <insert id="insertFile" parameterType="FileDto">
        <selectKey keyProperty="fileNum" resultType="Long" order="BEFORE">
            SELECT SEQ_FILE.NEXTVAL FROM DUAL
        </selectKey>
            INSERT INTO MBS_FILE ( FILE_NUM, FILE_USER, FILE_SERVER, FILE_EXT, BOARD_COMMU_NUM)
            VALUES ( #{fileNum}, #{fileUser}, #{fileServer}, #{fileExt}, #{boardCommuNum})
    </insert>

    <delete id="deleteFile" parameterType="Long">
        DELETE FROM MBS_FILE
        WHERE BOARD_COMMU_NUM = #{boardCommuNum}
    </delete>

    <select id="selectFile" parameterType="Long" resultType="FileDto">
        SELECT FILE_NUM, FILE_USER, FILE_SERVER, FILE_EXT, BOARD_COMMU_NUM
        FROM MBS_FILE
        WHERE BOARD_COMMU_NUM = #{boardCommuNum}
    </select>
</mapper>