<?xml version="1.0" encoding="UTF-8"?>
<!DOCTYPE mapper PUBLIC "-//mybatis.org//DTD Mapper 3.0//EN" "http://mybatis.org/dtd/mybatis-3-mapper.dtd">
<mapper namespace="com.example.menbosa.mapper.protector.user.UserMapper">
    <insert id="insertUser" parameterType="UserDTO">
        <selectKey keyProperty="proMemNum" resultType="Long" order="BEFORE">
            SELECT SEQ_PRO_MEMBER.NEXTVAL FROM DUAL
        </selectKey>
        INSERT INTO MBS_PRO_MEMBER(
        PRO_MEM_NUM,
        PRO_MEM_NAME,
        PRO_MEM_EMAIL,
        PRO_MEM_PHONE_MID,
        PRO_MEM_PHONE_BACK,
        PRO_MEM_CERTIFICATION,
        PRO_MEM_PASSWORD,
        PRO_MEM_PASSWORD_VERIFY
        )
        values(
            #{proMemNum},
            #{proMemName},
            #{proMemPhoneMid},
            #{proMemPhoneBack},
            #{proMemCertification},
            #{proMemPassword},
            #{proMemPasswordVerify},
            #{proMemEmail}
        )
    </insert>

    <select id="selectUser" resultType="Long">
        SELECT PRO_MEM_NUM
        FROM MBS_PRO_MEMBER
        WHERE PRO_MEM_PHONE_MID || PRO_MEM_PHONE_BACK = #{proMemPhone} AND PRO_MEM_PASSWORD = #{proMemPassword}
    </select>
    
    <select id="selectUserInfo" resultType="UserSessionDTO">
        SELECT PRO_MEM_PHONE_MID || PRO_MEM_PHONE_BACK, PRO_MEM_NUM, PRO_MEM_NAME
        FROM MBS_PRO_MEMBER
        WHERE PRO_MEM_PHONE_MID || PRO_MEM_PHONE_BACK = #{proMemPhone} AND PRO_MEM_PASSWORD = #{proMemPassword}
    </select>

<!--    <select id="selectUserEmail" resultType="UserSessionDTO">-->
<!--        SELECT PRO_MEM_EMAIL-->
<!--        FROM MBS_PRO_MEMBER-->
<!--        WHERE PRO_MEM_EMAIL = #{proMemEmail}-->
<!--    </select>-->

</mapper>